1526269890524,00000001,felipe,68,DHCP
1526269890524,00000010,nikita,68,DHCP
1526269890525,00000011,arturo,68,DHCP
1526269890525,00000100,nikita,53,DNS
1526269890525,00000101,gerardo,21,TCP
1526269890525,00000110,felipe,67,DHCP
1526269890525,00000111,pedro,25,SMTP
1526269890525,00001000,nikita,23,Telnet
1526269890525,00001001,felipe,25,SMTP
1526269890525,00001010,pedro,23,Telnet
1526269890525,00001011,nikita,23,Telnet
1526269890525,00001100,pedro,53,DNS
1526269890525,00001101,jack,67,DHCP
1526269890525,00001110,nikita,25,SMTP
1526269890526,00001111,jack,23,Telnet
1526269890526,00010000,gerardo,21,TCP
1526269890526,00010001,gerardo,21,TCP
1526269890526,00010010,felipe,23,Telnet
1526269890526,00010011,pedro,21,TCP
1526269890526,00010100,gerardo,69,TFTP
1526269890526,00010101,gerardo,67,DHCP
1526269890526,00010110,gerardo,69,TFTP
1526269890526,00010111,pedro,68,DHCP
1526269890526,00011000,gerardo,21,TCP
1526269890526,00011001,felipe,23,Telnet
1526269890526,00011010,felipe,21,TCP
1526269890526,00011011,gerardo,23,Telnet
1526269890526,00011100,gerardo,23,Telnet
1526269890527,00011101,arturo,20,TCP
1526269890527,00011110,arturo,67,DHCP
1526269890527,00011111,felipe,23,Telnet
1526269890527,00100000,nikita,53,DNS
1526269890527,00100001,jack,25,SMTP
1526269890528,00100010,jack,25,SMTP
1526269890528,00100011,jack,25,SMTP
1526269890528,00100100,felipe,20,TCP
1526269890528,00100101,nikita,53,DNS
1526269890528,00100110,pedro,20,TCP
1526269890528,00100111,jack,25,SMTP
1526269890528,00101000,nikita,20,TCP
1526269890529,00101001,jack,23,Telnet
1526269890529,00101010,gerardo,67,DHCP
1526269890529,00101011,felipe,23,Telnet
1526269890529,00101100,felipe,20,TCP
1526269890529,00101101,pedro,69,TFTP
1526269890529,00101110,pedro,68,DHCP
1526269890529,00101111,pedro,69,TFTP
1526269890529,00110000,felipe,23,Telnet
1526269890529,00110001,arturo,21,TCP
1526269890529,00110010,jack,21,TCP
1526269890529,00110011,felipe,69,TFTP
1526269890529,00110100,jack,23,Telnet
1526269890529,00110101,arturo,68,DHCP
1526269890529,00110110,jack,23,Telnet
1526269890529,00110111,pedro,20,TCP
1526269890530,00111000,felipe,67,DHCP
1526269890530,00111001,pedro,25,SMTP
1526269890530,00111010,jack,20,TCP
1526269890530,00111011,pedro,20,TCP
1526269890530,00111100,arturo,68,DHCP
1526269890530,00111101,jack,23,Telnet
1526269890530,00111110,gerardo,20,TCP
1526269890530,00111111,arturo,21,TCP
1526269890530,01000000,felipe,68,DHCP
1526269890530,01000001,felipe,67,DHCP
1526269890530,01000010,arturo,67,DHCP
1526269890530,01000011,jack,25,SMTP
1526269890530,01000100,arturo,21,TCP
1526269890530,01000101,jack,23,Telnet
1526269890530,01000110,pedro,21,TCP
1526269890531,01000111,jack,20,TCP
1526269890531,01001000,pedro,25,SMTP
1526269890531,01001001,nikita,53,DNS
1526269890531,01001010,jack,53,DNS
1526269890531,01001011,felipe,69,TFTP
1526269890531,01001100,pedro,68,DHCP
1526269890537,01001101,jack,21,TCP
1526269890537,01001110,nikita,20,TCP
1526269890537,01001111,arturo,67,DHCP
1526269890537,01010000,nikita,67,DHCP
1526269890537,01010001,gerardo,25,SMTP
1526269890537,01010010,nikita,69,TFTP
1526269890537,01010011,pedro,23,Telnet
1526269890537,01010100,pedro,23,Telnet
1526269890537,01010101,nikita,67,DHCP
1526269890537,01010110,felipe,21,TCP
1526269890537,01010111,jack,23,Telnet
1526269890537,01011000,gerardo,21,TCP
1526269890537,01011001,pedro,21,TCP
1526269890537,01011010,felipe,69,TFTP
1526269890538,01011011,gerardo,53,DNS
1526269890538,01011100,nikita,69,TFTP
1526269890538,01011101,nikita,20,TCP
1526269890538,01011110,pedro,69,TFTP
1526269890538,01011111,jack,21,TCP
1526269890538,01100000,pedro,20,TCP
1526269890539,01100001,gerardo,53,DNS
1526269890539,01100010,gerardo,69,TFTP
1526269890539,01100011,nikita,21,TCP
1526269890539,01100100,nikita,53,DNS
1526269890539,01100101,felipe,68,DHCP
1526269890540,01100110,felipe,67,DHCP
1526269890540,01100111,gerardo,68,DHCP
1526269890540,01101000,nikita,68,DHCP
1526269890540,01101001,jack,67,DHCP
1526269890540,01101010,felipe,53,DNS
1526269890540,01101011,arturo,53,DNS
1526269890540,01101100,jack,25,SMTP
1526269890541,01101101,arturo,20,TCP
1526269890541,01101110,felipe,68,DHCP
1526269890541,01101111,gerardo,68,DHCP
1526269890541,01110000,pedro,25,SMTP
1526269890541,01110001,nikita,23,Telnet
1526269890543,01110010,arturo,69,TFTP
1526269890543,01110011,jack,25,SMTP
1526269890543,01110100,arturo,67,DHCP
1526269890546,01110101,arturo,53,DNS
1526269890546,01110110,gerardo,68,DHCP
1526269890546,01110111,felipe,53,DNS
1526269890546,01111000,arturo,25,SMTP
1526269890546,01111001,nikita,53,DNS
1526269890546,01111010,felipe,69,TFTP
1526269890546,01111011,felipe,23,Telnet
1526269890546,01111100,pedro,53,DNS
1526269890546,01111101,gerardo,53,DNS
1526269890546,01111110,gerardo,67,DHCP
1526269890547,01111111,felipe,67,DHCP
1526269890547,10000000,gerardo,25,SMTP
1526269890547,10000001,jack,67,DHCP
1526269890547,10000010,pedro,21,TCP
1526269890547,10000011,jack,53,DNS
1526269890547,10000100,arturo,20,TCP
1526269890547,10000101,arturo,25,SMTP
1526269890547,10000110,pedro,20,TCP
1526269890547,10000111,gerardo,53,DNS
1526269890547,10001000,nikita,53,DNS
1526269890547,10001001,felipe,68,DHCP
1526269890547,10001010,jack,20,TCP
1526269890547,10001011,arturo,20,TCP
1526269890547,10001100,arturo,53,DNS
1526269890547,10001101,arturo,21,TCP
1526269890547,10001110,felipe,20,TCP
1526269890547,10001111,gerardo,25,SMTP
1526269890547,10010000,pedro,21,TCP
1526269890547,10010001,nikita,53,DNS
1526269890547,10010010,gerardo,25,SMTP
1526269890547,10010011,jack,69,TFTP
1526269890547,10010100,felipe,25,SMTP
1526269890547,10010101,gerardo,25,SMTP
1526269890547,10010110,pedro,53,DNS
1526269890547,10010111,arturo,53,DNS
1526269890547,10011000,jack,23,Telnet
1526269890548,10011001,pedro,67,DHCP
1526269890548,10011010,arturo,53,DNS
1526269890548,10011011,gerardo,53,DNS
1526269890548,10011100,jack,69,TFTP
1526269890548,10011101,arturo,21,TCP
1526269890548,10011110,gerardo,53,DNS
1526269890548,10011111,jack,68,DHCP
1526269890548,10100000,pedro,20,TCP
1526269890548,10100001,nikita,69,TFTP
1526269890548,10100010,arturo,23,Telnet
1526269890548,10100011,gerardo,67,DHCP
1526269890548,10100100,arturo,21,TCP
1526269890548,10100101,jack,67,DHCP
1526269890548,10100110,nikita,25,SMTP
1526269890548,10100111,felipe,53,DNS
1526269890548,10101000,nikita,69,TFTP
1526269890548,10101001,pedro,20,TCP
1526269890548,10101010,gerardo,67,DHCP
1526269890548,10101011,jack,20,TCP
1526269890548,10101100,arturo,67,DHCP
1526269890548,10101101,felipe,25,SMTP
1526269890548,10101110,felipe,53,DNS
1526269890548,10101111,pedro,68,DHCP
1526269890548,10110000,jack,23,Telnet
1526269890548,10110001,felipe,25,SMTP
1526269890548,10110010,felipe,25,SMTP
1526269890549,10110011,arturo,21,TCP
1526269890549,10110100,jack,67,DHCP
1526269890549,10110101,nikita,20,TCP
1526269890549,10110110,gerardo,67,DHCP
1526269890549,10110111,gerardo,67,DHCP
1526269890549,10111000,gerardo,68,DHCP
1526269890549,10111001,arturo,21,TCP
1526269890549,10111010,felipe,23,Telnet
1526269890549,10111011,jack,25,SMTP
1526269890549,10111100,gerardo,21,TCP
1526269890549,10111101,jack,25,SMTP
1526269890549,10111110,jack,20,TCP
1526269890549,10111111,pedro,23,Telnet
1526269890549,11000000,gerardo,20,TCP
1526269890549,11000001,pedro,69,TFTP
1526269890552,11000010,gerardo,23,Telnet
1526269890552,11000011,nikita,67,DHCP
1526269890552,11000100,nikita,20,TCP
1526269890552,11000101,arturo,20,TCP
1526269890552,11000110,jack,23,Telnet
1526269890552,11000111,gerardo,20,TCP
1526269890552,11001000,jack,69,TFTP
1526269890552,11001001,jack,67,DHCP
1526269890552,11001010,gerardo,20,TCP
1526269890552,11001011,arturo,20,TCP
1526269890553,11001100,arturo,20,TCP
1526269890553,11001101,gerardo,21,TCP
1526269890553,11001110,gerardo,21,TCP
1526269890553,11001111,pedro,69,TFTP
1526269890553,11010000,arturo,21,TCP
1526269890553,11010001,pedro,21,TCP
1526269890553,11010010,arturo,67,DHCP
1526269890553,11010011,nikita,20,TCP
1526269890553,11010100,felipe,23,Telnet
1526269890553,11010101,arturo,53,DNS
1526269890553,11010110,pedro,68,DHCP
1526269890553,11010111,pedro,67,DHCP
1526269890553,11011000,pedro,53,DNS
1526269890553,11011001,jack,53,DNS
1526269890553,11011010,gerardo,53,DNS
1526269890553,11011011,jack,23,Telnet
1526269890553,11011100,gerardo,53,DNS
1526269890553,11011101,pedro,23,Telnet
1526269890553,11011110,arturo,53,DNS
1526269890553,11011111,gerardo,20,TCP
1526269890553,11100000,felipe,25,SMTP
1526269890553,11100001,pedro,53,DNS
1526269890553,11100010,felipe,53,DNS
1526269890553,11100011,nikita,23,Telnet
1526269890553,11100100,arturo,25,SMTP
1526269890553,11100101,felipe,69,TFTP
1526269890554,11100110,felipe,23,Telnet
1526269890554,11100111,jack,20,TCP
1526269890554,11101000,jack,20,TCP
1526269890554,11101001,arturo,68,DHCP
1526269890554,11101010,arturo,69,TFTP
1526269890554,11101011,nikita,68,DHCP
1526269890554,11101100,jack,53,DNS
1526269890554,11101101,pedro,21,TCP
1526269890554,11101110,nikita,21,TCP
1526269890554,11101111,gerardo,23,Telnet
1526269890554,11110000,felipe,25,SMTP
1526269890555,11110001,arturo,21,TCP
1526269890555,11110010,felipe,21,TCP
1526269890555,11110011,gerardo,25,SMTP
1526269890555,11110100,gerardo,20,TCP
1526269890555,11110101,gerardo,20,TCP
1526269890555,11110110,jack,67,DHCP
1526269890555,11110111,gerardo,69,TFTP
1526269890555,11111000,felipe,23,Telnet
1526269890555,11111001,gerardo,20,TCP
1526269890555,11111010,nikita,20,TCP
1526269890555,11111011,felipe,20,TCP
1526269890555,11111100,felipe,21,TCP
1526269890555,11111101,gerardo,23,Telnet
1526269890556,11111110,arturo,20,TCP
1526269890556,11111111,gerardo,53,DNS
1526269890556,100000000,pedro,67,DHCP
1526269890556,100000001,jack,20,TCP
1526269890556,100000010,jack,21,TCP
1526269890556,100000011,gerardo,23,Telnet
1526269890556,100000100,gerardo,69,TFTP
1526269890556,100000101,nikita,69,TFTP
1526269890556,100000110,felipe,69,TFTP
1526269890556,100000111,nikita,67,DHCP
1526269890557,100001000,arturo,69,TFTP
1526269890557,100001001,jack,69,TFTP
1526269890557,100001010,jack,20,TCP
1526269890557,100001011,jack,23,Telnet
1526269890557,100001100,jack,23,Telnet
1526269890557,100001101,pedro,67,DHCP
1526269890557,100001110,arturo,21,TCP
1526269890558,100001111,nikita,69,TFTP
1526269890558,100010000,nikita,20,TCP
1526269890558,100010001,pedro,69,TFTP
1526269890558,100010010,pedro,69,TFTP
1526269890558,100010011,jack,20,TCP
1526269890558,100010100,arturo,23,Telnet
1526269890558,100010101,nikita,25,SMTP
1526269890558,100010110,gerardo,21,TCP
1526269890558,100010111,jack,69,TFTP
1526269890559,100011000,pedro,68,DHCP
1526269890559,100011001,pedro,23,Telnet
1526269890559,100011010,jack,68,DHCP
1526269890559,100011011,pedro,69,TFTP
1526269890559,100011100,nikita,20,TCP
1526269890559,100011101,pedro,69,TFTP
1526269890559,100011110,arturo,67,DHCP
1526269890559,100011111,gerardo,21,TCP
1526269890559,100100000,arturo,68,DHCP
1526269890559,100100001,gerardo,20,TCP
1526269890559,100100010,nikita,68,DHCP
1526269890559,100100011,jack,67,DHCP
1526269890559,100100100,felipe,21,TCP
1526269890559,100100101,gerardo,69,TFTP
1526269890559,100100110,pedro,23,Telnet
1526269890559,100100111,gerardo,53,DNS
1526269890559,100101000,nikita,67,DHCP
1526269890559,100101001,felipe,25,SMTP
1526269890559,100101010,felipe,21,TCP
1526269890559,100101011,gerardo,20,TCP
1526269890559,100101100,arturo,53,DNS
1526269890559,100101101,gerardo,23,Telnet
1526269890559,100101110,arturo,20,TCP
1526269890564,100101111,gerardo,20,TCP
1526269890564,100110000,pedro,68,DHCP
1526269890564,100110001,nikita,67,DHCP
1526269890564,100110010,jack,69,TFTP
1526269890564,100110011,arturo,25,SMTP
1526269890564,100110100,arturo,25,SMTP
1526269890564,100110101,arturo,67,DHCP
1526269890564,100110110,nikita,23,Telnet
1526269890564,100110111,nikita,69,TFTP
1526269890564,100111000,felipe,67,DHCP
1526269890564,100111001,felipe,53,DNS
1526269890564,100111010,felipe,53,DNS
1526269890564,100111011,arturo,20,TCP
1526269890564,100111100,gerardo,20,TCP
1526269890564,100111101,felipe,21,TCP
1526269890564,100111110,jack,20,TCP
1526269890564,100111111,gerardo,68,DHCP
1526269890564,101000000,felipe,21,TCP
1526269890564,101000001,pedro,21,TCP
1526269890564,101000010,gerardo,53,DNS
1526269890564,101000011,arturo,69,TFTP
1526269890564,101000100,felipe,20,TCP
1526269890564,101000101,jack,25,SMTP
1526269890564,101000110,jack,25,SMTP
1526269890565,101000111,pedro,53,DNS
1526269890565,101001000,jack,53,DNS
1526269890565,101001001,felipe,21,TCP
1526269890565,101001010,pedro,53,DNS
1526269890565,101001011,nikita,53,DNS
1526269890565,101001100,jack,23,Telnet
1526269890565,101001101,nikita,53,DNS
1526269890565,101001110,arturo,21,TCP
1526269890565,101001111,felipe,21,TCP
1526269890565,101010000,pedro,68,DHCP
1526269890565,101010001,pedro,23,Telnet
1526269890565,101010010,pedro,67,DHCP
1526269890565,101010011,jack,67,DHCP
1526269890565,101010100,arturo,69,TFTP
1526269890565,101010101,nikita,21,TCP
1526269890565,101010110,jack,53,DNS
1526269890566,101010111,jack,53,DNS
1526269890566,101011000,pedro,68,DHCP
1526269890566,101011001,felipe,25,SMTP
1526269890566,101011010,arturo,68,DHCP
1526269890566,101011011,arturo,25,SMTP
1526269890566,101011100,arturo,53,DNS
1526269890566,101011101,gerardo,25,SMTP
1526269890566,101011110,felipe,20,TCP
1526269890566,101011111,arturo,67,DHCP
1526269890566,101100000,nikita,21,TCP
1526269890566,101100001,jack,23,Telnet
1526269890566,101100010,jack,68,DHCP
1526269890566,101100011,felipe,67,DHCP
1526269890566,101100100,gerardo,67,DHCP
1526269890566,101100101,felipe,69,TFTP
1526269890566,101100110,felipe,53,DNS
1526269890566,101100111,nikita,21,TCP
1526269890566,101101000,jack,20,TCP
1526269890566,101101001,nikita,20,TCP
1526269890566,101101010,nikita,23,Telnet
1526269890566,101101011,gerardo,53,DNS
1526269890566,101101100,nikita,20,TCP
1526269890567,101101101,arturo,20,TCP
1526269890567,101101110,felipe,25,SMTP
1526269890567,101101111,gerardo,69,TFTP
1526269890567,101110000,nikita,67,DHCP
1526269890570,101110001,arturo,67,DHCP
1526269890570,101110010,felipe,67,DHCP
1526269890570,101110011,nikita,67,DHCP
1526269890570,101110100,arturo,68,DHCP
1526269890570,101110101,nikita,23,Telnet
1526269890570,101110110,arturo,20,TCP
1526269890570,101110111,arturo,21,TCP
1526269890570,101111000,felipe,53,DNS
1526269890570,101111001,pedro,25,SMTP
1526269890570,101111010,pedro,21,TCP
1526269890570,101111011,nikita,23,Telnet
1526269890570,101111100,pedro,20,TCP
1526269890570,101111101,felipe,25,SMTP
1526269890570,101111110,nikita,25,SMTP
1526269890570,101111111,nikita,21,TCP
1526269890570,110000000,arturo,25,SMTP
1526269890571,110000001,jack,69,TFTP
1526269890571,110000010,jack,25,SMTP
1526269890571,110000011,pedro,23,Telnet
1526269890571,110000100,pedro,23,Telnet
1526269890571,110000101,felipe,68,DHCP
1526269890571,110000110,arturo,69,TFTP
1526269890571,110000111,gerardo,20,TCP
1526269890571,110001000,arturo,23,Telnet
1526269890571,110001001,gerardo,21,TCP
1526269890571,110001010,arturo,53,DNS
1526269890571,110001011,felipe,53,DNS
1526269890571,110001100,nikita,25,SMTP
1526269890571,110001101,jack,68,DHCP
1526269890571,110001110,nikita,69,TFTP
1526269890571,110001111,felipe,67,DHCP
1526269890571,110010000,pedro,53,DNS
1526269890571,110010001,felipe,23,Telnet
1526269890571,110010010,gerardo,68,DHCP
1526269890571,110010011,pedro,69,TFTP
1526269890571,110010100,felipe,69,TFTP
1526269890571,110010101,jack,21,TCP
1526269890571,110010110,arturo,68,DHCP
1526269890572,110010111,arturo,53,DNS
1526269890572,110011000,gerardo,21,TCP
1526269890572,110011001,gerardo,68,DHCP
1526269890572,110011010,gerardo,25,SMTP
1526269890572,110011011,nikita,69,TFTP
1526269890572,110011100,felipe,21,TCP
1526269890572,110011101,arturo,68,DHCP
1526269890572,110011110,arturo,68,DHCP
1526269890572,110011111,arturo,20,TCP
1526269890572,110100000,felipe,69,TFTP
1526269890572,110100001,nikita,53,DNS
1526269890572,110100010,felipe,53,DNS
1526269890572,110100011,pedro,69,TFTP
1526269890572,110100100,nikita,69,TFTP
1526269890572,110100101,arturo,25,SMTP
1526269890572,110100110,felipe,68,DHCP
1526269890577,110100111,jack,21,TCP
1526269890577,110101000,nikita,25,SMTP
1526269890577,110101001,arturo,20,TCP
1526269890577,110101010,jack,53,DNS
1526269890577,110101011,nikita,25,SMTP
1526269890577,110101100,felipe,69,TFTP
1526269890577,110101101,arturo,68,DHCP
1526269890577,110101110,gerardo,20,TCP
1526269890577,110101111,felipe,53,DNS
1526269890577,110110000,arturo,68,DHCP
1526269890577,110110001,pedro,67,DHCP
1526269890577,110110010,gerardo,67,DHCP
1526269890577,110110011,nikita,23,Telnet
1526269890577,110110100,pedro,20,TCP
1526269890577,110110101,nikita,21,TCP
1526269890577,110110110,felipe,21,TCP
1526269890577,110110111,nikita,68,DHCP
1526269890577,110111000,pedro,69,TFTP
1526269890577,110111001,nikita,67,DHCP
1526269890577,110111010,jack,69,TFTP
1526269890577,110111011,nikita,20,TCP
1526269890577,110111100,nikita,67,DHCP
1526269890577,110111101,jack,53,DNS
1526269890578,110111110,felipe,53,DNS
1526269890578,110111111,nikita,67,DHCP
1526269890578,111000000,jack,20,TCP
1526269890578,111000001,arturo,53,DNS
1526269890578,111000010,arturo,53,DNS
1526269890578,111000011,nikita,25,SMTP
1526269890578,111000100,arturo,25,SMTP
1526269890578,111000101,nikita,21,TCP
1526269890578,111000110,arturo,23,Telnet
1526269890578,111000111,arturo,23,Telnet
1526269890578,111001000,nikita,25,SMTP
1526269890578,111001001,pedro,67,DHCP
1526269890578,111001010,nikita,67,DHCP
1526269890578,111001011,pedro,20,TCP
1526269890578,111001100,jack,20,TCP
1526269890578,111001101,gerardo,25,SMTP
1526269890578,111001110,pedro,23,Telnet
1526269890578,111001111,felipe,23,Telnet
1526269890578,111010000,jack,67,DHCP
1526269890578,111010001,arturo,23,Telnet
1526269890578,111010010,arturo,21,TCP
1526269890578,111010011,pedro,21,TCP
1526269890578,111010100,nikita,25,SMTP
1526269890578,111010101,jack,53,DNS
1526269890578,111010110,pedro,23,Telnet
1526269890578,111010111,nikita,67,DHCP
1526269890578,111011000,gerardo,68,DHCP
1526269890578,111011001,nikita,21,TCP
1526269890579,111011010,nikita,25,SMTP
1526269890579,111011011,gerardo,23,Telnet
1526269890579,111011100,pedro,53,DNS
1526269890579,111011101,nikita,23,Telnet
1526269890579,111011110,nikita,25,SMTP
1526269890579,111011111,pedro,53,DNS
1526269890579,111100000,felipe,20,TCP
1526269890579,111100001,nikita,23,Telnet
1526269890579,111100010,felipe,67,DHCP
1526269890579,111100011,jack,68,DHCP
1526269890579,111100100,arturo,68,DHCP
1526269890579,111100101,felipe,21,TCP
1526269890579,111100110,felipe,25,SMTP
1526269890579,111100111,felipe,53,DNS
1526269890579,111101000,arturo,20,TCP
1526269890579,111101001,jack,67,DHCP
1526269890579,111101010,felipe,21,TCP
1526269890579,111101011,gerardo,69,TFTP
1526269890579,111101100,gerardo,23,Telnet
1526269890579,111101101,arturo,23,Telnet
1526269890579,111101110,felipe,69,TFTP
1526269890579,111101111,felipe,69,TFTP
1526269890579,111110000,nikita,21,TCP
1526269890579,111110001,jack,67,DHCP
1526269890579,111110010,pedro,20,TCP
1526269890579,111110011,gerardo,67,DHCP
1526269890580,111110100,arturo,53,DNS
1526269890580,111110101,nikita,25,SMTP
1526269890580,111110110,jack,53,DNS
1526269890580,111110111,nikita,69,TFTP
1526269890580,111111000,pedro,67,DHCP
1526269890580,111111001,pedro,53,DNS
1526269890580,111111010,arturo,20,TCP
1526269890580,111111011,arturo,21,TCP
1526269890580,111111100,felipe,69,TFTP
1526269890580,111111101,gerardo,23,Telnet
1526269890580,111111110,felipe,69,TFTP
1526269890580,111111111,jack,68,DHCP
1526269890580,1000000000,jack,21,TCP
1526269890580,1000000001,jack,25,SMTP
1526269890580,1000000010,pedro,68,DHCP
1526269890580,1000000011,arturo,69,TFTP
1526269890580,1000000100,arturo,53,DNS
1526269890580,1000000101,nikita,69,TFTP
1526269890580,1000000110,gerardo,67,DHCP
1526269890580,1000000111,arturo,25,SMTP
1526269890580,1000001000,nikita,20,TCP
1526269890580,1000001001,pedro,67,DHCP
1526269890580,1000001010,pedro,53,DNS
1526269890580,1000001011,nikita,20,TCP
1526269890580,1000001100,jack,25,SMTP
1526269890580,1000001101,arturo,69,TFTP
1526269890580,1000001110,jack,67,DHCP
1526269890580,1000001111,jack,53,DNS
1526269890580,1000010000,arturo,25,SMTP
1526269890581,1000010001,nikita,23,Telnet
1526269890581,1000010010,felipe,21,TCP
1526269890581,1000010011,jack,67,DHCP
1526269890581,1000010100,pedro,23,Telnet
1526269890581,1000010101,pedro,69,TFTP
1526269890581,1000010110,arturo,67,DHCP
1526269890581,1000010111,pedro,67,DHCP
1526269890581,1000011000,nikita,20,TCP
1526269890581,1000011001,felipe,68,DHCP
1526269890581,1000011010,nikita,25,SMTP
1526269890581,1000011011,gerardo,67,DHCP
1526269890581,1000011100,gerardo,25,SMTP
1526269890581,1000011101,nikita,25,SMTP
1526269890581,1000011110,nikita,23,Telnet
1526269890581,1000011111,arturo,68,DHCP
1526269890581,1000100000,gerardo,69,TFTP
1526269890581,1000100001,arturo,21,TCP
1526269890581,1000100010,arturo,20,TCP
1526269890581,1000100011,arturo,69,TFTP
1526269890581,1000100100,gerardo,67,DHCP
1526269890581,1000100101,arturo,25,SMTP
1526269890581,1000100110,felipe,21,TCP
1526269890581,1000100111,pedro,68,DHCP
1526269890581,1000101000,felipe,53,DNS
1526269890581,1000101001,nikita,69,TFTP
1526269890581,1000101010,felipe,25,SMTP
1526269890581,1000101011,jack,23,Telnet
1526269890581,1000101100,felipe,69,TFTP
1526269890581,1000101101,jack,68,DHCP
1526269890582,1000101110,nikita,53,DNS
1526269890582,1000101111,gerardo,23,Telnet
1526269890582,1000110000,nikita,20,TCP
1526269890582,1000110001,pedro,68,DHCP
1526269890582,1000110010,arturo,23,Telnet
1526269890582,1000110011,felipe,53,DNS
1526269890582,1000110100,gerardo,69,TFTP
1526269890582,1000110101,felipe,69,TFTP
1526269890582,1000110110,pedro,69,TFTP
1526269890582,1000110111,arturo,53,DNS
1526269890582,1000111000,arturo,69,TFTP
1526269890582,1000111001,jack,68,DHCP
1526269890582,1000111010,felipe,21,TCP
1526269890582,1000111011,jack,20,TCP
1526269890582,1000111100,gerardo,69,TFTP
1526269890582,1000111101,jack,67,DHCP
1526269890582,1000111110,nikita,23,Telnet
1526269890582,1000111111,jack,68,DHCP
1526269890582,1001000000,jack,21,TCP
1526269890582,1001000001,felipe,25,SMTP
1526269890582,1001000010,arturo,23,Telnet
1526269890582,1001000011,arturo,69,TFTP
1526269890582,1001000100,nikita,69,TFTP
1526269890582,1001000101,felipe,67,DHCP
1526269890582,1001000110,arturo,23,Telnet
1526269890582,1001000111,nikita,21,TCP
1526269890582,1001001000,gerardo,69,TFTP
1526269890582,1001001001,felipe,69,TFTP
1526269890582,1001001010,jack,53,DNS
1526269890583,1001001011,felipe,21,TCP
1526269890583,1001001100,gerardo,53,DNS
1526269890583,1001001101,jack,68,DHCP
1526269890583,1001001110,felipe,21,TCP
1526269890583,1001001111,arturo,68,DHCP
1526269890583,1001010000,jack,21,TCP
1526269890583,1001010001,arturo,20,TCP
1526269890583,1001010010,nikita,21,TCP
1526269890583,1001010011,pedro,21,TCP
1526269890583,1001010100,felipe,68,DHCP
1526269890583,1001010101,jack,20,TCP
1526269890583,1001010110,arturo,69,TFTP
1526269890583,1001010111,nikita,20,TCP
1526269890583,1001011000,jack,25,SMTP
1526269890583,1001011001,pedro,25,SMTP
1526269890583,1001011010,jack,67,DHCP
1526269890583,1001011011,nikita,53,DNS
1526269890583,1001011100,jack,67,DHCP
1526269890583,1001011101,nikita,21,TCP
1526269890583,1001011110,jack,21,TCP
1526269890583,1001011111,jack,20,TCP
1526269890583,1001100000,arturo,21,TCP
1526269890583,1001100001,nikita,21,TCP
1526269890583,1001100010,arturo,20,TCP
1526269890583,1001100011,jack,53,DNS
1526269890583,1001100100,arturo,23,Telnet
1526269890583,1001100101,nikita,21,TCP
1526269890583,1001100110,pedro,21,TCP
1526269890583,1001100111,pedro,69,TFTP
1526269890584,1001101000,gerardo,25,SMTP
1526269890584,1001101001,jack,67,DHCP
1526269890584,1001101010,felipe,67,DHCP
1526269890584,1001101011,arturo,25,SMTP
1526269890584,1001101100,jack,23,Telnet
1526269890584,1001101101,gerardo,67,DHCP
1526269890584,1001101110,nikita,23,Telnet
1526269890584,1001101111,pedro,68,DHCP
1526269890584,1001110000,jack,67,DHCP
1526269890584,1001110001,arturo,20,TCP
1526269890584,1001110010,gerardo,21,TCP
1526269890584,1001110011,felipe,23,Telnet
1526269890584,1001110100,pedro,67,DHCP
1526269890584,1001110101,arturo,23,Telnet
1526269890584,1001110110,pedro,21,TCP
1526269890584,1001110111,jack,67,DHCP
1526269890584,1001111000,gerardo,53,DNS
1526269890584,1001111001,gerardo,25,SMTP
1526269890584,1001111010,gerardo,21,TCP
1526269890584,1001111011,nikita,21,TCP
1526269890584,1001111100,gerardo,53,DNS
1526269890584,1001111101,pedro,67,DHCP
1526269890584,1001111110,nikita,25,SMTP
1526269890588,1001111111,jack,23,Telnet
1526269890588,1010000000,jack,23,Telnet
1526269890588,1010000001,gerardo,23,Telnet
1526269890588,1010000010,felipe,21,TCP
1526269890588,1010000011,arturo,21,TCP
1526269890588,1010000100,jack,53,DNS
1526269890588,1010000101,felipe,67,DHCP
1526269890588,1010000110,jack,69,TFTP
1526269890588,1010000111,arturo,20,TCP
1526269890588,1010001000,arturo,23,Telnet
1526269890588,1010001001,arturo,69,TFTP
1526269890588,1010001010,nikita,21,TCP
1526269890588,1010001011,nikita,69,TFTP
1526269890588,1010001100,arturo,69,TFTP
1526269890588,1010001101,arturo,21,TCP
1526269890588,1010001110,felipe,68,DHCP
1526269890588,1010001111,jack,69,TFTP
1526269890588,1010010000,gerardo,23,Telnet
1526269890588,1010010001,pedro,53,DNS
1526269890588,1010010010,jack,53,DNS
1526269890588,1010010011,jack,23,Telnet
1526269890588,1010010100,jack,21,TCP
1526269890588,1010010101,arturo,20,TCP
1526269890588,1010010110,felipe,69,TFTP
1526269890588,1010010111,arturo,20,TCP
1526269890588,1010011000,felipe,67,DHCP
1526269890588,1010011001,felipe,68,DHCP
1526269890588,1010011010,arturo,67,DHCP
1526269890588,1010011011,felipe,53,DNS
1526269890588,1010011100,arturo,53,DNS
1526269890588,1010011101,felipe,25,SMTP
1526269890588,1010011110,arturo,53,DNS
1526269890588,1010011111,arturo,23,Telnet
1526269890588,1010100000,nikita,67,DHCP
1526269890588,1010100001,arturo,67,DHCP
1526269890588,1010100010,felipe,53,DNS
1526269890589,1010100011,arturo,69,TFTP
1526269890589,1010100100,nikita,20,TCP
1526269890589,1010100101,jack,67,DHCP
1526269890589,1010100110,jack,69,TFTP
1526269890589,1010100111,jack,69,TFTP
1526269890590,1010101000,jack,69,TFTP
1526269890592,1010101001,jack,67,DHCP
1526269890592,1010101010,nikita,69,TFTP
1526269890592,1010101011,pedro,23,Telnet
1526269890592,1010101100,pedro,68,DHCP
1526269890592,1010101101,arturo,53,DNS
1526269890592,1010101110,felipe,68,DHCP
1526269890592,1010101111,jack,68,DHCP
1526269890592,1010110000,pedro,53,DNS
1526269890592,1010110001,gerardo,69,TFTP
1526269890592,1010110010,pedro,25,SMTP
1526269890592,1010110011,jack,67,DHCP
1526269890593,1010110100,nikita,23,Telnet
1526269890593,1010110101,arturo,67,DHCP
1526269890593,1010110110,gerardo,53,DNS
1526269890593,1010110111,felipe,23,Telnet
1526269890593,1010111000,felipe,69,TFTP
1526269890593,1010111001,gerardo,53,DNS
1526269890593,1010111010,felipe,20,TCP
1526269890593,1010111011,gerardo,23,Telnet
1526269890593,1010111100,felipe,23,Telnet
1526269890593,1010111101,gerardo,20,TCP
1526269890593,1010111110,gerardo,68,DHCP
1526269890593,1010111111,felipe,69,TFTP
1526269890593,1011000000,nikita,23,Telnet
1526269890593,1011000001,jack,23,Telnet
1526269890593,1011000010,gerardo,23,Telnet
1526269890593,1011000011,nikita,69,TFTP
1526269890593,1011000100,jack,69,TFTP
1526269890593,1011000101,felipe,67,DHCP
1526269890593,1011000110,arturo,21,TCP
1526269890593,1011000111,nikita,20,TCP
1526269890593,1011001000,nikita,25,SMTP
1526269890593,1011001001,pedro,53,DNS
1526269890593,1011001010,jack,69,TFTP
1526269890593,1011001011,nikita,23,Telnet
1526269890593,1011001100,nikita,69,TFTP
1526269890593,1011001101,gerardo,69,TFTP
1526269890593,1011001110,gerardo,20,TCP
1526269890593,1011001111,pedro,67,DHCP
1526269890593,1011010000,jack,20,TCP
1526269890593,1011010001,arturo,67,DHCP
1526269890593,1011010010,pedro,67,DHCP
1526269890593,1011010011,nikita,21,TCP
1526269890593,1011010100,arturo,21,TCP
1526269890594,1011010101,felipe,21,TCP
1526269890594,1011010110,nikita,53,DNS
1526269890594,1011010111,jack,67,DHCP
1526269890594,1011011000,arturo,25,SMTP
1526269890594,1011011001,felipe,25,SMTP
1526269890594,1011011010,jack,69,TFTP
1526269890594,1011011011,gerardo,23,Telnet
1526269890594,1011011100,gerardo,68,DHCP
1526269890594,1011011101,nikita,20,TCP
1526269890594,1011011110,arturo,69,TFTP
1526269890594,1011011111,nikita,23,Telnet
1526269890594,1011100000,felipe,20,TCP
1526269890594,1011100001,arturo,67,DHCP
1526269890594,1011100010,felipe,20,TCP
1526269890594,1011100011,nikita,68,DHCP
1526269890594,1011100100,jack,68,DHCP
1526269890595,1011100101,nikita,20,TCP
1526269890595,1011100110,pedro,20,TCP
1526269890595,1011100111,nikita,20,TCP
1526269890595,1011101000,felipe,25,SMTP
1526269890595,1011101001,jack,69,TFTP
1526269890595,1011101010,pedro,53,DNS
1526269890595,1011101011,pedro,68,DHCP
1526269890595,1011101100,nikita,53,DNS
1526269890595,1011101101,gerardo,23,Telnet
1526269890595,1011101110,nikita,53,DNS
1526269890595,1011101111,gerardo,68,DHCP
1526269890595,1011110000,gerardo,23,Telnet
1526269890595,1011110001,pedro,25,SMTP
1526269890595,1011110010,pedro,67,DHCP
1526269890595,1011110011,arturo,23,Telnet
1526269890595,1011110100,jack,25,SMTP
1526269890595,1011110101,pedro,67,DHCP
1526269890595,1011110110,pedro,53,DNS
1526269890595,1011110111,gerardo,21,TCP
1526269890595,1011111000,jack,25,SMTP
1526269890595,1011111001,pedro,67,DHCP
1526269890595,1011111010,jack,69,TFTP
1526269890595,1011111011,arturo,23,Telnet
1526269890595,1011111100,nikita,67,DHCP
1526269890595,1011111101,pedro,68,DHCP
1526269890595,1011111110,pedro,20,TCP
1526269890595,1011111111,jack,25,SMTP
1526269890595,1100000000,arturo,69,TFTP
1526269890595,1100000001,jack,53,DNS
1526269890596,1100000010,pedro,23,Telnet
1526269890596,1100000011,nikita,69,TFTP
1526269890596,1100000100,felipe,67,DHCP
1526269890596,1100000101,gerardo,53,DNS
1526269890596,1100000110,nikita,23,Telnet
1526269890596,1100000111,jack,20,TCP
1526269890596,1100001000,arturo,20,TCP
1526269890596,1100001001,jack,53,DNS
1526269890596,1100001010,pedro,20,TCP
1526269890596,1100001011,felipe,23,Telnet
1526269890596,1100001100,arturo,53,DNS
1526269890596,1100001101,nikita,67,DHCP
1526269890596,1100001110,gerardo,67,DHCP
1526269890596,1100001111,arturo,20,TCP
1526269890596,1100010000,gerardo,20,TCP
1526269890596,1100010001,pedro,23,Telnet
1526269890596,1100010010,arturo,20,TCP
1526269890596,1100010011,gerardo,67,DHCP
1526269890596,1100010100,gerardo,20,TCP
1526269890596,1100010101,arturo,20,TCP
1526269890596,1100010110,pedro,53,DNS
1526269890596,1100010111,arturo,21,TCP
1526269890596,1100011000,felipe,23,Telnet
1526269890596,1100011001,nikita,20,TCP
1526269890596,1100011010,jack,20,TCP
1526269890596,1100011011,felipe,20,TCP
1526269890596,1100011100,nikita,69,TFTP
1526269890596,1100011101,jack,67,DHCP
1526269890596,1100011110,felipe,20,TCP
1526269890597,1100011111,arturo,23,Telnet
1526269890597,1100100000,felipe,23,Telnet
1526269890597,1100100001,jack,69,TFTP
1526269890597,1100100010,jack,20,TCP
1526269890597,1100100011,jack,67,DHCP
1526269890597,1100100100,felipe,21,TCP
1526269890600,1100100101,pedro,21,TCP
1526269890600,1100100110,arturo,69,TFTP
1526269890600,1100100111,pedro,23,Telnet
1526269890600,1100101000,nikita,67,DHCP
1526269890600,1100101001,felipe,25,SMTP
1526269890600,1100101010,nikita,67,DHCP
1526269890601,1100101011,nikita,53,DNS
1526269890601,1100101100,felipe,20,TCP
1526269890601,1100101101,pedro,67,DHCP
1526269890601,1100101110,pedro,21,TCP
1526269890601,1100101111,pedro,67,DHCP
1526269890601,1100110000,pedro,21,TCP
1526269890601,1100110001,pedro,23,Telnet
1526269890601,1100110010,arturo,25,SMTP
1526269890601,1100110011,arturo,53,DNS
1526269890601,1100110100,felipe,25,SMTP
1526269890601,1100110101,felipe,67,DHCP
1526269890601,1100110110,gerardo,21,TCP
1526269890601,1100110111,gerardo,69,TFTP
1526269890601,1100111000,felipe,53,DNS
1526269890601,1100111001,pedro,20,TCP
1526269890601,1100111010,pedro,69,TFTP
1526269890601,1100111011,arturo,69,TFTP
1526269890601,1100111100,pedro,68,DHCP
1526269890601,1100111101,arturo,53,DNS
1526269890601,1100111110,nikita,67,DHCP
1526269890601,1100111111,pedro,53,DNS
1526269890601,1101000000,jack,68,DHCP
1526269890601,1101000001,arturo,23,Telnet
1526269890602,1101000010,jack,25,SMTP
1526269890602,1101000011,jack,68,DHCP
1526269890602,1101000100,pedro,68,DHCP
1526269890602,1101000101,pedro,23,Telnet
1526269890602,1101000110,gerardo,20,TCP
1526269890602,1101000111,arturo,68,DHCP
1526269890602,1101001000,arturo,68,DHCP
1526269890602,1101001001,nikita,53,DNS
1526269890602,1101001010,nikita,53,DNS
1526269890602,1101001011,gerardo,67,DHCP
1526269890602,1101001100,felipe,67,DHCP
1526269890602,1101001101,nikita,23,Telnet
1526269890602,1101001110,nikita,53,DNS
1526269890602,1101001111,nikita,20,TCP
1526269890602,1101010000,felipe,68,DHCP
1526269890602,1101010001,felipe,69,TFTP
1526269890602,1101010010,arturo,23,Telnet
1526269890602,1101010011,arturo,25,SMTP
1526269890602,1101010100,gerardo,23,Telnet
1526269890602,1101010101,jack,23,Telnet
1526269890602,1101010110,jack,21,TCP
1526269890605,1101010111,pedro,68,DHCP
1526269890605,1101011000,felipe,20,TCP
1526269890605,1101011001,pedro,20,TCP
1526269890605,1101011010,jack,67,DHCP
1526269890605,1101011011,gerardo,25,SMTP
1526269890605,1101011100,jack,20,TCP
1526269890605,1101011101,pedro,23,Telnet
1526269890605,1101011110,felipe,25,SMTP
1526269890605,1101011111,nikita,23,Telnet
1526269890605,1101100000,nikita,21,TCP
1526269890605,1101100001,jack,20,TCP
1526269890605,1101100010,gerardo,21,TCP
1526269890605,1101100011,pedro,68,DHCP
1526269890605,1101100100,pedro,69,TFTP
1526269890605,1101100101,arturo,68,DHCP
1526269890606,1101100110,nikita,23,Telnet
1526269890606,1101100111,jack,20,TCP
1526269890606,1101101000,arturo,68,DHCP
1526269890606,1101101001,jack,53,DNS
1526269890606,1101101010,pedro,21,TCP
1526269890606,1101101011,jack,69,TFTP
1526269890606,1101101100,nikita,68,DHCP
1526269890606,1101101101,felipe,20,TCP
1526269890606,1101101110,felipe,25,SMTP
1526269890606,1101101111,jack,23,Telnet
1526269890606,1101110000,felipe,53,DNS
1526269890606,1101110001,felipe,53,DNS
1526269890606,1101110010,felipe,68,DHCP
1526269890606,1101110011,nikita,67,DHCP
1526269890606,1101110100,jack,21,TCP
1526269890606,1101110101,arturo,25,SMTP
1526269890606,1101110110,felipe,20,TCP
1526269890606,1101110111,gerardo,23,Telnet
1526269890606,1101111000,pedro,20,TCP
1526269890606,1101111001,nikita,68,DHCP
1526269890606,1101111010,arturo,25,SMTP
1526269890606,1101111011,pedro,53,DNS
1526269890606,1101111100,felipe,25,SMTP
1526269890606,1101111101,nikita,53,DNS
1526269890606,1101111110,gerardo,20,TCP
1526269890606,1101111111,nikita,25,SMTP
1526269890606,1110000000,gerardo,68,DHCP
1526269890606,1110000001,pedro,25,SMTP
1526269890606,1110000010,jack,53,DNS
1526269890607,1110000011,felipe,69,TFTP
1526269890607,1110000100,pedro,20,TCP
1526269890607,1110000101,gerardo,23,Telnet
1526269890607,1110000110,pedro,21,TCP
1526269890607,1110000111,gerardo,68,DHCP
1526269890607,1110001000,jack,53,DNS
1526269890607,1110001001,felipe,23,Telnet
1526269890607,1110001010,jack,20,TCP
1526269890607,1110001011,gerardo,67,DHCP
1526269890607,1110001100,arturo,68,DHCP
1526269890607,1110001101,jack,68,DHCP
1526269890607,1110001110,nikita,25,SMTP
1526269890607,1110001111,arturo,25,SMTP
1526269890607,1110010000,jack,69,TFTP
1526269890607,1110010001,pedro,68,DHCP
1526269890607,1110010010,pedro,23,Telnet
1526269890607,1110010011,arturo,21,TCP
1526269890607,1110010100,nikita,23,Telnet
1526269890607,1110010101,gerardo,53,DNS
1526269890607,1110010110,nikita,67,DHCP
1526269890607,1110010111,arturo,21,TCP
1526269890607,1110011000,gerardo,21,TCP
1526269890608,1110011001,felipe,20,TCP
1526269890608,1110011010,gerardo,53,DNS
1526269890608,1110011011,felipe,20,TCP
1526269890608,1110011100,gerardo,25,SMTP
1526269890608,1110011101,arturo,23,Telnet
1526269890608,1110011110,nikita,25,SMTP
1526269890608,1110011111,pedro,68,DHCP
1526269890608,1110100000,gerardo,53,DNS
1526269890608,1110100001,jack,23,Telnet
1526269890608,1110100010,nikita,20,TCP
1526269890608,1110100011,arturo,68,DHCP
1526269890608,1110100100,felipe,53,DNS
1526269890608,1110100101,jack,67,DHCP
1526269890608,1110100110,nikita,68,DHCP
1526269890608,1110100111,jack,20,TCP
1526269890608,1110101000,pedro,53,DNS
1526269890608,1110101001,nikita,68,DHCP
1526269890608,1110101010,felipe,67,DHCP
1526269890608,1110101011,pedro,23,Telnet
1526269890608,1110101100,gerardo,69,TFTP
1526269890608,1110101101,felipe,67,DHCP
1526269890608,1110101110,arturo,53,DNS
1526269890608,1110101111,felipe,69,TFTP
1526269890608,1110110000,pedro,53,DNS
1526269890608,1110110001,gerardo,23,Telnet
1526269890608,1110110010,gerardo,67,DHCP
1526269890608,1110110011,pedro,25,SMTP
1526269890608,1110110100,felipe,21,TCP
1526269890608,1110110101,jack,20,TCP
1526269890609,1110110110,pedro,67,DHCP
1526269890609,1110110111,pedro,69,TFTP
1526269890609,1110111000,nikita,20,TCP
1526269890609,1110111001,felipe,23,Telnet
1526269890609,1110111010,jack,68,DHCP
1526269890609,1110111011,felipe,25,SMTP
1526269890609,1110111100,nikita,21,TCP
1526269890609,1110111101,nikita,67,DHCP
1526269890609,1110111110,pedro,69,TFTP
1526269890609,1110111111,pedro,23,Telnet
1526269890609,1111000000,pedro,23,Telnet
1526269890609,1111000001,arturo,69,TFTP
1526269890609,1111000010,arturo,69,TFTP
1526269890609,1111000011,felipe,21,TCP
1526269890609,1111000100,pedro,23,Telnet
1526269890609,1111000101,jack,21,TCP
1526269890609,1111000110,nikita,23,Telnet
1526269890609,1111000111,nikita,67,DHCP
1526269890609,1111001000,gerardo,53,DNS
1526269890609,1111001001,pedro,53,DNS
1526269890609,1111001010,gerardo,25,SMTP
1526269890609,1111001011,jack,21,TCP
1526269890609,1111001100,jack,53,DNS
1526269890609,1111001101,jack,53,DNS
1526269890609,1111001110,nikita,68,DHCP
1526269890609,1111001111,nikita,21,TCP
1526269890609,1111010000,jack,67,DHCP
1526269890609,1111010001,arturo,68,DHCP
1526269890609,1111010010,nikita,21,TCP
1526269890610,1111010011,felipe,53,DNS
1526269890610,1111010100,pedro,20,TCP
1526269890610,1111010101,gerardo,25,SMTP
1526269890610,1111010110,pedro,53,DNS
1526269890610,1111010111,arturo,23,Telnet
1526269890610,1111011000,arturo,68,DHCP
1526269890610,1111011001,felipe,67,DHCP
1526269890610,1111011010,jack,69,TFTP
1526269890610,1111011011,nikita,25,SMTP
1526269890610,1111011100,pedro,23,Telnet
1526269890610,1111011101,gerardo,23,Telnet
1526269890610,1111011110,pedro,53,DNS
1526269890610,1111011111,jack,25,SMTP
1526269890610,1111100000,felipe,20,TCP
1526269890610,1111100001,nikita,20,TCP
1526269890610,1111100010,gerardo,20,TCP
1526269890610,1111100011,gerardo,20,TCP
1526269890610,1111100100,arturo,69,TFTP
1526269890610,1111100101,gerardo,21,TCP
1526269890610,1111100110,nikita,67,DHCP
1526269890610,1111100111,nikita,20,TCP
1526269890610,1111101000,arturo,69,TFTP
