1526270126007,1,nikita,67,DHCP
1526270126008,2,pedro,69,TFTP
1526270126010,3,jack,20,TCP
1526270126013,4,felipe,69,TFTP
1526270126021,5,nikita,53,DNS
1526270126023,6,gerardo,69,TFTP
1526270126025,7,jack,69,TFTP
1526270126029,8,arturo,20,TCP
1526270126030,9,nikita,69,TFTP
1526270126033,10,jack,23,Telnet
1526270126037,11,felipe,20,TCP
1526270126044,12,arturo,53,DNS
1526270126046,13,arturo,25,SMTP
1526270126047,14,arturo,20,TCP
1526270126049,15,arturo,68,DHCP
1526270126053,16,felipe,68,DHCP
1526270126054,17,gerardo,53,DNS
1526270126058,18,gerardo,69,TFTP
1526270126060,19,jack,20,TCP
1526270126070,20,arturo,69,TFTP
1526270126071,21,arturo,21,TCP
1526270126080,22,gerardo,23,Telnet
1526270126082,23,nikita,21,TCP
1526270126083,24,nikita,25,SMTP
1526270126090,25,arturo,23,Telnet
1526270126094,26,gerardo,20,TCP
1526270126095,27,pedro,53,DNS
1526270126097,28,nikita,69,TFTP
1526270126100,29,jack,67,DHCP
1526270126105,30,arturo,23,Telnet
1526270126106,31,felipe,20,TCP
1526270126107,32,pedro,23,Telnet
1526270126116,33,jack,23,Telnet
1526270126123,34,arturo,69,TFTP
1526270126126,35,arturo,25,SMTP
1526270126134,36,pedro,20,TCP
1526270126136,37,felipe,25,SMTP
1526270126137,38,gerardo,53,DNS
1526270126140,39,nikita,23,Telnet
1526270126143,40,jack,23,Telnet
1526270126145,41,arturo,23,Telnet
1526270126150,42,gerardo,20,TCP
1526270126154,43,pedro,21,TCP
1526270126160,44,felipe,20,TCP
1526270126161,45,felipe,67,DHCP
1526270126167,46,arturo,67,DHCP
1526270126169,47,jack,68,DHCP
1526270126174,48,arturo,69,TFTP
1526270126180,49,felipe,25,SMTP
1526270126181,50,gerardo,23,Telnet
1526270126182,51,felipe,21,TCP
1526270126184,52,jack,69,TFTP
1526270126185,53,gerardo,67,DHCP
1526270126192,54,nikita,68,DHCP
1526270126194,55,jack,21,TCP
1526270126195,56,jack,53,DNS
1526270126198,57,nikita,53,DNS
1526270126201,58,jack,67,DHCP
1526270126202,59,felipe,25,SMTP
1526270126209,60,gerardo,25,SMTP
1526270126210,61,felipe,23,Telnet
1526270126212,62,felipe,20,TCP
1526270126218,63,gerardo,53,DNS
1526270126224,64,gerardo,21,TCP
1526270126227,65,pedro,21,TCP
1526270126231,66,felipe,20,TCP
1526270126238,67,pedro,23,Telnet
1526270126246,68,pedro,69,TFTP
1526270126250,69,felipe,25,SMTP
1526270126255,70,arturo,67,DHCP
1526270126260,71,felipe,53,DNS
1526270126263,72,felipe,67,DHCP
1526270126267,73,nikita,53,DNS
1526270126269,74,nikita,23,Telnet
1526270126273,75,felipe,53,DNS
1526270126275,76,arturo,25,SMTP
1526270126281,77,felipe,25,SMTP
1526270126283,78,arturo,53,DNS
1526270126284,79,felipe,23,Telnet
1526270126289,80,gerardo,21,TCP
1526270126290,81,jack,67,DHCP
1526270126296,82,felipe,21,TCP
1526270126298,83,jack,68,DHCP
1526270126301,84,nikita,69,TFTP
1526270126302,85,pedro,53,DNS
1526270126305,86,pedro,23,Telnet
1526270126306,87,arturo,23,Telnet
1526270126311,88,pedro,21,TCP
1526270126313,89,felipe,68,DHCP
1526270126317,90,arturo,69,TFTP
1526270126318,91,pedro,67,DHCP
1526270126323,92,nikita,20,TCP
1526270126325,93,pedro,23,Telnet
1526270126331,94,arturo,25,SMTP
1526270126332,95,jack,69,TFTP
1526270126342,96,pedro,20,TCP
1526270126351,97,jack,23,Telnet
1526270126355,98,gerardo,53,DNS
1526270126362,99,nikita,25,SMTP
1526270126365,100,nikita,53,DNS
1526270126369,101,arturo,20,TCP
1526270126372,102,nikita,68,DHCP
1526270126376,103,jack,23,Telnet
1526270126381,104,felipe,68,DHCP
1526270126382,105,nikita,68,DHCP
1526270126385,106,nikita,21,TCP
1526270126386,107,pedro,23,Telnet
1526270126389,108,arturo,23,Telnet
1526270126394,109,nikita,69,TFTP
1526270126401,110,pedro,53,DNS
1526270126402,111,gerardo,20,TCP
1526270126404,112,arturo,69,TFTP
1526270126405,113,felipe,23,Telnet
1526270126410,114,pedro,68,DHCP
1526270126413,115,jack,53,DNS
1526270126415,116,gerardo,20,TCP
1526270126416,117,arturo,21,TCP
1526270126421,118,jack,69,TFTP
1526270126422,119,felipe,68,DHCP
1526270126425,120,pedro,21,TCP
1526270126433,121,jack,68,DHCP
1526270126434,122,nikita,21,TCP
1526270126436,123,felipe,68,DHCP
1526270126437,124,felipe,69,TFTP
1526270126438,125,jack,25,SMTP
1526270126441,126,gerardo,67,DHCP
1526270126447,127,jack,25,SMTP
1526270126457,128,pedro,69,TFTP
1526270126459,129,gerardo,25,SMTP
1526270126460,130,jack,67,DHCP
1526270126467,131,pedro,68,DHCP
1526270126472,132,arturo,23,Telnet
1526270126478,133,gerardo,23,Telnet
1526270126481,134,pedro,21,TCP
1526270126487,135,jack,25,SMTP
1526270126491,136,gerardo,21,TCP
1526270126493,137,jack,68,DHCP
1526270126498,138,nikita,23,Telnet
1526270126500,139,arturo,25,SMTP
1526270126505,140,felipe,21,TCP
1526270126506,141,felipe,69,TFTP
1526270126509,142,gerardo,25,SMTP
1526270126510,143,felipe,68,DHCP
1526270126513,144,nikita,25,SMTP
1526270126517,145,jack,68,DHCP
1526270126522,146,gerardo,53,DNS
1526270126524,147,felipe,53,DNS
1526270126529,148,arturo,68,DHCP
1526270126530,149,jack,25,SMTP
1526270126532,150,arturo,21,TCP
1526270126537,151,jack,69,TFTP
1526270126542,152,pedro,69,TFTP
1526270126547,153,jack,25,SMTP
1526270126549,154,jack,67,DHCP
1526270126550,155,felipe,69,TFTP
1526270126560,156,felipe,20,TCP
1526270126562,157,pedro,69,TFTP
1526270126565,158,pedro,25,SMTP
1526270126571,159,gerardo,20,TCP
1526270126573,160,gerardo,23,Telnet
1526270126574,161,jack,21,TCP
1526270126577,162,jack,67,DHCP
1526270126579,163,nikita,20,TCP
1526270126581,164,jack,68,DHCP
1526270126585,165,gerardo,69,TFTP
1526270126592,166,pedro,23,Telnet
1526270126601,167,felipe,20,TCP
1526270126606,168,jack,53,DNS
1526270126608,169,jack,67,DHCP
1526270126613,170,arturo,25,SMTP
1526270126615,171,jack,67,DHCP
1526270126618,172,felipe,53,DNS
1526270126622,173,nikita,53,DNS
1526270126625,174,felipe,53,DNS
1526270126627,175,felipe,69,TFTP
1526270126633,176,arturo,20,TCP
1526270126642,177,pedro,23,Telnet
1526270126643,178,felipe,25,SMTP
1526270126644,179,felipe,25,SMTP
1526270126649,180,gerardo,25,SMTP
1526270126654,181,nikita,20,TCP
1526270126656,182,nikita,25,SMTP
1526270126660,183,arturo,20,TCP
1526270126662,184,pedro,20,TCP
1526270126663,185,felipe,69,TFTP
1526270126673,186,gerardo,67,DHCP
1526270126674,187,nikita,69,TFTP
1526270126677,188,felipe,53,DNS
1526270126678,189,felipe,25,SMTP
1526270126689,190,pedro,69,TFTP
1526270126706,191,felipe,67,DHCP
1526270126717,192,arturo,67,DHCP
1526270126724,193,gerardo,67,DHCP
1526270126729,194,felipe,25,SMTP
1526270126733,195,jack,23,Telnet
1526270126736,196,felipe,69,TFTP
1526270126739,197,arturo,23,Telnet
1526270126744,198,gerardo,69,TFTP
1526270126746,199,nikita,53,DNS
1526270126748,200,pedro,25,SMTP
1526270126751,201,gerardo,53,DNS
1526270126758,202,nikita,53,DNS
1526270126759,203,jack,69,TFTP
1526270126761,204,jack,67,DHCP
1526270126765,205,gerardo,21,TCP
1526270126768,206,pedro,69,TFTP
1526270126777,207,felipe,68,DHCP
1526270126779,208,nikita,23,Telnet
1526270126781,209,arturo,21,TCP
1526270126783,210,felipe,67,DHCP
1526270126785,211,jack,23,Telnet
1526270126792,212,pedro,20,TCP
1526270126798,213,jack,67,DHCP
1526270126799,214,arturo,53,DNS
1526270126802,215,gerardo,53,DNS
1526270126806,216,jack,23,Telnet
1526270126809,217,gerardo,21,TCP
1526270126819,218,jack,23,Telnet
1526270126821,219,gerardo,25,SMTP
1526270126826,220,nikita,25,SMTP
1526270126829,221,jack,53,DNS
1526270126831,222,felipe,21,TCP
1526270126839,223,nikita,67,DHCP
1526270126845,224,felipe,68,DHCP
1526270126851,225,gerardo,21,TCP
1526270126855,226,gerardo,53,DNS
1526270126857,227,felipe,67,DHCP
1526270126860,228,jack,69,TFTP
1526270126866,229,gerardo,69,TFTP
1526270126868,230,nikita,20,TCP
1526270126871,231,nikita,67,DHCP
1526270126873,232,felipe,20,TCP
1526270126877,233,arturo,25,SMTP
1526270126878,234,nikita,53,DNS
1526270126880,235,nikita,20,TCP
1526270126888,236,jack,25,SMTP
1526270126891,237,gerardo,23,Telnet
1526270126892,238,pedro,53,DNS
1526270126893,239,felipe,21,TCP
1526270126895,240,jack,68,DHCP
1526270126901,241,gerardo,21,TCP
1526270126907,242,jack,20,TCP
1526270126911,243,arturo,68,DHCP
1526270126913,244,nikita,23,Telnet
1526270126917,245,arturo,69,TFTP
1526270126920,246,arturo,25,SMTP
1526270126924,247,nikita,21,TCP
1526270126929,248,nikita,53,DNS
1526270126931,249,felipe,67,DHCP
1526270126932,250,nikita,23,Telnet
1526270126937,251,jack,67,DHCP
1526270126938,252,arturo,69,TFTP
1526270126943,253,nikita,53,DNS
1526270126947,254,arturo,53,DNS
1526270126955,255,arturo,53,DNS
1526270126963,256,nikita,23,Telnet
1526270126967,257,jack,53,DNS
1526270126969,258,nikita,67,DHCP
1526270126971,259,gerardo,68,DHCP
1526270126972,260,pedro,68,DHCP
1526270126977,261,gerardo,21,TCP
1526270126979,262,nikita,68,DHCP
1526270126981,263,pedro,53,DNS
1526270126985,264,nikita,23,Telnet
1526270126991,265,pedro,21,TCP
1526270126997,266,gerardo,23,Telnet
1526270126998,267,felipe,20,TCP
1526270127004,268,nikita,67,DHCP
1526270127006,269,nikita,23,Telnet
1526270127009,270,jack,68,DHCP
1526270127010,271,jack,25,SMTP
1526270127013,272,jack,68,DHCP
1526270127017,273,felipe,69,TFTP
1526270127021,274,felipe,53,DNS
1526270127025,275,jack,69,TFTP
1526270127027,276,nikita,68,DHCP
1526270127029,277,jack,20,TCP
1526270127033,278,nikita,67,DHCP
1526270127034,279,gerardo,67,DHCP
1526270127042,280,gerardo,53,DNS
1526270127044,281,pedro,53,DNS
1526270127045,282,gerardo,68,DHCP
1526270127049,283,pedro,67,DHCP
1526270127050,284,gerardo,67,DHCP
1526270127053,285,arturo,67,DHCP
1526270127060,286,arturo,21,TCP
1526270127065,287,jack,67,DHCP
1526270127070,288,arturo,23,Telnet
1526270127077,289,gerardo,67,DHCP
1526270127085,290,pedro,25,SMTP
1526270127089,291,arturo,68,DHCP
1526270127092,292,gerardo,20,TCP
1526270127098,293,felipe,69,TFTP
1526270127099,294,arturo,53,DNS
1526270127101,295,arturo,20,TCP
1526270127107,296,felipe,69,TFTP
1526270127113,297,nikita,68,DHCP
1526270127115,298,felipe,69,TFTP
1526270127117,299,jack,20,TCP
1526270127122,300,gerardo,67,DHCP
1526270127125,301,felipe,20,TCP
1526270127127,302,pedro,67,DHCP
1526270127129,303,nikita,68,DHCP
1526270127133,304,arturo,67,DHCP
1526270127134,305,arturo,20,TCP
1526270127140,306,arturo,21,TCP
1526270127142,307,nikita,20,TCP
1526270127148,308,arturo,20,TCP
1526270127149,309,felipe,67,DHCP
1526270127150,310,nikita,68,DHCP
1526270127152,311,felipe,23,Telnet
1526270127154,312,nikita,67,DHCP
1526270127161,313,arturo,23,Telnet
1526270127170,314,pedro,23,Telnet
1526270127173,315,jack,21,TCP
1526270127181,316,nikita,67,DHCP
1526270127187,317,pedro,23,Telnet
1526270127195,318,arturo,23,Telnet
1526270127198,319,jack,21,TCP
1526270127202,320,arturo,23,Telnet
1526270127203,321,nikita,68,DHCP
1526270127210,322,felipe,69,TFTP
1526270127213,323,gerardo,68,DHCP
1526270127215,324,jack,20,TCP
1526270127216,325,arturo,67,DHCP
1526270127222,326,gerardo,53,DNS
1526270127225,327,arturo,20,TCP
1526270127226,328,jack,20,TCP
1526270127229,329,pedro,21,TCP
1526270127230,330,gerardo,68,DHCP
1526270127233,331,nikita,23,Telnet
1526270127241,332,pedro,69,TFTP
1526270127243,333,gerardo,67,DHCP
1526270127246,334,arturo,23,Telnet
1526270127250,335,arturo,68,DHCP
1526270127252,336,arturo,53,DNS
1526270127258,337,gerardo,53,DNS
1526270127261,338,arturo,69,TFTP
1526270127267,339,pedro,20,TCP
1526270127268,340,gerardo,69,TFTP
1526270127270,341,jack,23,Telnet
1526270127271,342,jack,20,TCP
1526270127276,343,nikita,67,DHCP
1526270127281,344,pedro,23,Telnet
1526270127282,345,arturo,21,TCP
1526270127284,346,pedro,53,DNS
1526270127289,347,arturo,67,DHCP
1526270127290,348,jack,53,DNS
1526270127291,349,pedro,25,SMTP
1526270127296,350,felipe,69,TFTP
1526270127310,351,gerardo,21,TCP
1526270127314,352,arturo,53,DNS
1526270127317,353,nikita,25,SMTP
1526270127317,354,nikita,53,DNS
1526270127321,355,arturo,68,DHCP
1526270127323,356,pedro,20,TCP
1526270127329,357,pedro,21,TCP
1526270127330,358,gerardo,21,TCP
1526270127331,359,arturo,67,DHCP
1526270127335,360,pedro,68,DHCP
1526270127337,361,nikita,23,Telnet
1526270127344,362,pedro,25,SMTP
1526270127346,363,nikita,53,DNS
1526270127354,364,felipe,53,DNS
1526270127356,365,gerardo,25,SMTP
1526270127358,366,pedro,69,TFTP
1526270127361,367,nikita,68,DHCP
1526270127363,368,felipe,23,Telnet
1526270127365,369,gerardo,67,DHCP
1526270127373,370,gerardo,25,SMTP
1526270127377,371,gerardo,23,Telnet
1526270127378,372,gerardo,69,TFTP
1526270127380,373,gerardo,69,TFTP
1526270127387,374,arturo,69,TFTP
1526270127389,375,gerardo,21,TCP
1526270127390,376,felipe,53,DNS
1526270127396,377,felipe,67,DHCP
1526270127397,378,pedro,25,SMTP
1526270127399,379,nikita,53,DNS
1526270127400,380,gerardo,68,DHCP
1526270127401,381,gerardo,25,SMTP
1526270127411,382,pedro,25,SMTP
1526270127415,383,felipe,68,DHCP
1526270127416,384,jack,67,DHCP
1526270127421,385,pedro,67,DHCP
1526270127425,386,felipe,25,SMTP
1526270127432,387,felipe,67,DHCP
1526270127441,388,gerardo,23,Telnet
1526270127443,389,jack,68,DHCP
1526270127446,390,nikita,69,TFTP
1526270127451,391,felipe,69,TFTP
1526270127453,392,jack,69,TFTP
1526270127457,393,jack,25,SMTP
1526270127459,394,pedro,21,TCP
1526270127461,395,felipe,67,DHCP
1526270127466,396,nikita,25,SMTP
1526270127472,397,gerardo,23,Telnet
1526270127472,398,jack,67,DHCP
1526270127474,399,pedro,69,TFTP
1526270127477,400,felipe,23,Telnet
1526270127481,401,nikita,21,TCP
1526270127482,402,felipe,67,DHCP
1526270127486,403,arturo,67,DHCP
1526270127488,404,jack,25,SMTP
1526270127493,405,pedro,69,TFTP
1526270127494,406,gerardo,53,DNS
1526270127495,407,nikita,53,DNS
1526270127506,408,arturo,68,DHCP
1526270127508,409,nikita,68,DHCP
1526270127512,410,pedro,67,DHCP
1526270127518,411,felipe,69,TFTP
1526270127525,412,gerardo,53,DNS
1526270127529,413,jack,20,TCP
1526270127535,414,arturo,53,DNS
1526270127549,415,gerardo,25,SMTP
1526270127557,416,pedro,69,TFTP
1526270127558,417,nikita,21,TCP
1526270127559,418,nikita,69,TFTP
1526270127573,419,jack,69,TFTP
1526270127575,420,pedro,68,DHCP
1526270127581,421,pedro,68,DHCP
1526270127584,422,felipe,53,DNS
1526270127585,423,arturo,67,DHCP
1526270127592,424,pedro,69,TFTP
1526270127599,425,felipe,69,TFTP
1526270127604,426,gerardo,23,Telnet
1526270127612,427,nikita,25,SMTP
1526270127618,428,pedro,21,TCP
1526270127622,429,nikita,23,Telnet
1526270127626,430,nikita,53,DNS
1526270127629,431,arturo,67,DHCP
1526270127633,432,gerardo,25,SMTP
1526270127635,433,nikita,68,DHCP
1526270127643,434,arturo,20,TCP
1526270127647,435,felipe,68,DHCP
1526270127652,436,felipe,53,DNS
1526270127655,437,gerardo,67,DHCP
1526270127657,438,gerardo,25,SMTP
1526270127663,439,jack,20,TCP
1526270127668,440,jack,25,SMTP
1526270127670,441,gerardo,23,Telnet
1526270127671,442,gerardo,69,TFTP
1526270127682,443,jack,68,DHCP
1526270127684,444,jack,23,Telnet
1526270127693,445,arturo,69,TFTP
1526270127695,446,gerardo,68,DHCP
1526270127698,447,felipe,69,TFTP
1526270127704,448,nikita,23,Telnet
1526270127708,449,felipe,25,SMTP
1526270127710,450,pedro,23,Telnet
1526270127712,451,pedro,67,DHCP
1526270127713,452,felipe,68,DHCP
1526270127718,453,pedro,21,TCP
1526270127721,454,arturo,25,SMTP
1526270127725,455,felipe,23,Telnet
1526270127726,456,pedro,69,TFTP
1526270127730,457,nikita,20,TCP
1526270127732,458,jack,23,Telnet
1526270127736,459,felipe,69,TFTP
1526270127741,460,gerardo,23,Telnet
1526270127745,461,gerardo,53,DNS
1526270127754,462,nikita,69,TFTP
1526270127756,463,jack,69,TFTP
1526270127761,464,pedro,23,Telnet
1526270127762,465,jack,67,DHCP
1526270127763,466,pedro,21,TCP
1526270127768,467,gerardo,21,TCP
1526270127774,468,gerardo,21,TCP
1526270127777,469,nikita,25,SMTP
1526270127778,470,felipe,53,DNS
1526270127789,471,jack,21,TCP
1526270127793,472,jack,53,DNS
1526270127795,473,pedro,68,DHCP
1526270127805,474,pedro,53,DNS
1526270127806,475,arturo,23,Telnet
1526270127814,476,nikita,67,DHCP
1526270127824,477,felipe,21,TCP
1526270127825,478,jack,25,SMTP
1526270127830,479,nikita,69,TFTP
1526270127832,480,gerardo,25,SMTP
1526270127839,481,felipe,21,TCP
1526270127843,482,jack,68,DHCP
1526270127848,483,pedro,68,DHCP
1526270127851,484,felipe,53,DNS
1526270127854,485,jack,23,Telnet
1526270127858,486,gerardo,25,SMTP
1526270127864,487,arturo,68,DHCP
1526270127869,488,nikita,69,TFTP
1526270127873,489,felipe,53,DNS
1526270127876,490,felipe,21,TCP
1526270127882,491,pedro,69,TFTP
1526270127884,492,gerardo,21,TCP
1526270127888,493,felipe,25,SMTP
1526270127893,494,arturo,69,TFTP
1526270127894,495,jack,53,DNS
1526270127897,496,felipe,69,TFTP
1526270127902,497,felipe,20,TCP
1526270127908,498,nikita,21,TCP
1526270127912,499,arturo,67,DHCP
1526270127917,500,pedro,53,DNS
1526270127920,501,gerardo,20,TCP
1526270127923,502,jack,25,SMTP
1526270127930,503,jack,21,TCP
1526270127936,504,nikita,20,TCP
1526270127941,505,felipe,21,TCP
1526270127949,506,jack,53,DNS
1526270127952,507,arturo,20,TCP
1526270127955,508,felipe,21,TCP
1526270127962,509,arturo,23,Telnet
1526270127970,510,felipe,67,DHCP
1526270127974,511,nikita,23,Telnet
1526270127981,512,nikita,68,DHCP
1526270127984,513,pedro,67,DHCP
1526270127987,514,nikita,23,Telnet
1526270127997,515,jack,21,TCP
1526270128003,516,arturo,68,DHCP
1526270128006,517,jack,68,DHCP
1526270128011,518,pedro,67,DHCP
1526270128013,519,nikita,25,SMTP
1526270128017,520,gerardo,25,SMTP
1526270128024,521,arturo,20,TCP
1526270128026,522,pedro,23,Telnet
1526270128035,523,jack,23,Telnet
1526270128040,524,felipe,21,TCP
1526270128043,525,jack,68,DHCP
1526270128050,526,felipe,21,TCP
1526270128060,527,gerardo,68,DHCP
1526270128069,528,jack,67,DHCP
1526270128072,529,arturo,68,DHCP
1526270128074,530,pedro,67,DHCP
1526270128081,531,jack,21,TCP
1526270128084,532,arturo,67,DHCP
1526270128085,533,gerardo,21,TCP
1526270128087,534,gerardo,20,TCP
1526270128090,535,nikita,67,DHCP
1526270128094,536,nikita,69,TFTP
1526270128101,537,nikita,68,DHCP
1526270128108,538,pedro,69,TFTP
1526270128109,539,jack,23,Telnet
1526270128113,540,pedro,21,TCP
1526270128115,541,nikita,53,DNS
1526270128117,542,nikita,21,TCP
1526270128125,543,arturo,53,DNS
1526270128126,544,nikita,21,TCP
1526270128128,545,pedro,23,Telnet
1526270128129,546,jack,69,TFTP
1526270128138,547,nikita,21,TCP
1526270128139,548,arturo,53,DNS
1526270128141,549,gerardo,67,DHCP
1526270128145,550,gerardo,53,DNS
1526270128146,551,felipe,67,DHCP
1526270128152,552,felipe,68,DHCP
1526270128156,553,pedro,25,SMTP
1526270128157,554,gerardo,23,Telnet
1526270128159,555,jack,25,SMTP
1526270128167,556,arturo,53,DNS
1526270128174,557,felipe,69,TFTP
1526270128175,558,arturo,53,DNS
1526270128178,559,jack,68,DHCP
1526270128185,560,arturo,69,TFTP
1526270128190,561,pedro,67,DHCP
1526270128196,562,nikita,20,TCP
1526270128200,563,jack,67,DHCP
1526270128202,564,gerardo,69,TFTP
1526270128209,565,pedro,23,Telnet
1526270128212,566,nikita,25,SMTP
1526270128212,567,arturo,23,Telnet
1526270128216,568,pedro,20,TCP
1526270128219,569,gerardo,68,DHCP
1526270128220,570,jack,23,Telnet
1526270128224,571,gerardo,25,SMTP
1526270128234,572,gerardo,69,TFTP
1526270128237,573,nikita,20,TCP
1526270128240,574,arturo,21,TCP
1526270128246,575,felipe,69,TFTP
1526270128253,576,nikita,69,TFTP
1526270128254,577,arturo,53,DNS
1526270128255,578,felipe,53,DNS
1526270128257,579,pedro,69,TFTP
1526270128258,580,jack,53,DNS
1526270128267,581,felipe,20,TCP
1526270128268,582,arturo,68,DHCP
1526270128271,583,gerardo,69,TFTP
1526270128273,584,gerardo,25,SMTP
1526270128283,585,pedro,53,DNS
1526270128286,586,nikita,53,DNS
1526270128300,587,felipe,21,TCP
1526270128303,588,felipe,53,DNS
1526270128309,589,pedro,67,DHCP
1526270128311,590,nikita,21,TCP
1526270128314,591,gerardo,69,TFTP
1526270128316,592,arturo,21,TCP
1526270128322,593,nikita,20,TCP
1526270128324,594,felipe,21,TCP
1526270128325,595,felipe,69,TFTP
1526270128326,596,felipe,25,SMTP
1526270128329,597,nikita,69,TFTP
1526270128337,598,nikita,21,TCP
1526270128338,599,nikita,25,SMTP
1526270128340,600,felipe,53,DNS
1526270128345,601,gerardo,20,TCP
1526270128346,602,felipe,23,Telnet
1526270128351,603,arturo,68,DHCP
1526270128356,604,nikita,25,SMTP
1526270128357,605,pedro,53,DNS
1526270128359,606,gerardo,25,SMTP
1526270128360,607,nikita,68,DHCP
1526270128361,608,jack,53,DNS
1526270128370,609,felipe,69,TFTP
1526270128374,610,felipe,23,Telnet
1526270128380,611,nikita,25,SMTP
1526270128381,612,gerardo,20,TCP
1526270128382,613,gerardo,21,TCP
1526270128389,614,arturo,53,DNS
1526270128390,615,jack,23,Telnet
1526270128396,616,arturo,67,DHCP
1526270128399,617,jack,23,Telnet
1526270128407,618,gerardo,67,DHCP
1526270128410,619,pedro,67,DHCP
1526270128412,620,gerardo,20,TCP
1526270128418,621,pedro,20,TCP
1526270128422,622,jack,21,TCP
1526270128424,623,felipe,69,TFTP
1526270128428,624,nikita,25,SMTP
1526270128431,625,jack,67,DHCP
1526270128437,626,felipe,69,TFTP
1526270128438,627,nikita,25,SMTP
1526270128441,628,felipe,53,DNS
1526270128445,629,felipe,69,TFTP
1526270128446,630,felipe,69,TFTP
1526270128450,631,arturo,67,DHCP
1526270128453,632,pedro,53,DNS
1526270128455,633,arturo,68,DHCP
1526270128458,634,felipe,25,SMTP
1526270128464,635,nikita,68,DHCP
1526270128468,636,nikita,25,SMTP
1526270128473,637,jack,67,DHCP
1526270128478,638,pedro,67,DHCP
1526270128484,639,jack,68,DHCP
1526270128486,640,jack,67,DHCP
1526270128489,641,nikita,69,TFTP
1526270128491,642,arturo,69,TFTP
1526270128495,643,felipe,23,Telnet
1526270128498,644,nikita,23,Telnet
1526270128504,645,nikita,67,DHCP
1526270128509,646,nikita,68,DHCP
1526270128510,647,gerardo,21,TCP
1526270128512,648,nikita,67,DHCP
1526270128513,649,jack,53,DNS
1526270128517,650,jack,23,Telnet
1526270128518,651,arturo,25,SMTP
1526270128524,652,nikita,67,DHCP
1526270128532,653,gerardo,21,TCP
1526270128533,654,gerardo,23,Telnet
1526270128542,655,jack,23,Telnet
1526270128544,656,nikita,25,SMTP
1526270128548,657,pedro,21,TCP
1526270128550,658,jack,25,SMTP
1526270128554,659,pedro,20,TCP
1526270128562,660,arturo,20,TCP
1526270128569,661,felipe,25,SMTP
1526270128572,662,pedro,25,SMTP
1526270128579,663,arturo,68,DHCP
1526270128581,664,nikita,69,TFTP
1526270128583,665,nikita,69,TFTP
1526270128585,666,arturo,21,TCP
1526270128589,667,arturo,69,TFTP
1526270128592,668,pedro,20,TCP
1526270128594,669,arturo,53,DNS
1526270128598,670,gerardo,23,Telnet
1526270128601,671,gerardo,25,SMTP
1526270128605,672,gerardo,25,SMTP
1526270128606,673,jack,53,DNS
1526270128608,674,gerardo,21,TCP
1526270128616,675,arturo,67,DHCP
1526270128617,676,felipe,21,TCP
1526270128619,677,jack,67,DHCP
1526270128620,678,pedro,68,DHCP
1526270128621,679,pedro,21,TCP
1526270128626,680,gerardo,53,DNS
1526270128629,681,nikita,53,DNS
1526270128633,682,felipe,25,SMTP
1526270128635,683,arturo,20,TCP
1526270128641,684,pedro,25,SMTP
1526270128645,685,nikita,67,DHCP
1526270128652,686,gerardo,20,TCP
1526270128659,687,gerardo,23,Telnet
1526270128670,688,jack,53,DNS
1526270128674,689,pedro,69,TFTP
1526270128681,690,pedro,69,TFTP
1526270128682,691,gerardo,20,TCP
1526270128684,692,felipe,53,DNS
1526270128696,693,arturo,23,Telnet
1526270128697,694,jack,20,TCP
1526270128700,695,felipe,25,SMTP
1526270128702,696,gerardo,25,SMTP
1526270128704,697,pedro,53,DNS
1526270128705,698,arturo,67,DHCP
1526270128706,699,nikita,67,DHCP
1526270128709,700,pedro,21,TCP
1526270128716,701,nikita,69,TFTP
1526270128717,702,gerardo,23,Telnet
1526270128719,703,felipe,68,DHCP
1526270128721,704,nikita,20,TCP
1526270128722,705,pedro,25,SMTP
1526270128727,706,jack,23,Telnet
1526270128732,707,gerardo,25,SMTP
1526270128737,708,felipe,69,TFTP
1526270128738,709,arturo,25,SMTP
1526270128740,710,nikita,21,TCP
1526270128741,711,arturo,68,DHCP
1526270128746,712,pedro,69,TFTP
1526270128752,713,gerardo,68,DHCP
1526270128759,714,felipe,67,DHCP
1526270128761,715,jack,23,Telnet
1526270128768,716,jack,20,TCP
1526270128769,717,arturo,53,DNS
1526270128770,718,felipe,67,DHCP
1526270128773,719,arturo,25,SMTP
1526270128784,720,arturo,20,TCP
1526270128785,721,arturo,69,TFTP
1526270128791,722,jack,20,TCP
1526270128795,723,arturo,69,TFTP
1526270128801,724,gerardo,21,TCP
1526270128803,725,nikita,69,TFTP
1526270128806,726,nikita,53,DNS
1526270128807,727,arturo,53,DNS
1526270128812,728,felipe,23,Telnet
1526270128815,729,arturo,25,SMTP
1526270128816,730,pedro,21,TCP
1526270128824,731,gerardo,20,TCP
1526270128826,732,jack,21,TCP
1526270128828,733,pedro,23,Telnet
1526270128829,734,nikita,69,TFTP
1526270128833,735,nikita,68,DHCP
1526270128835,736,jack,67,DHCP
1526270128836,737,jack,23,Telnet
1526270128845,738,felipe,20,TCP
1526270128851,739,nikita,23,Telnet
1526270128852,740,arturo,53,DNS
1526270128855,741,jack,68,DHCP
1526270128862,742,arturo,53,DNS
1526270128868,743,gerardo,23,Telnet
1526270128869,744,felipe,23,Telnet
1526270128870,745,jack,67,DHCP
1526270128872,746,jack,21,TCP
1526270128873,747,nikita,20,TCP
1526270128874,748,pedro,68,DHCP
1526270128880,749,nikita,68,DHCP
1526270128885,750,jack,21,TCP
1526270128887,751,gerardo,53,DNS
1526270128896,752,felipe,67,DHCP
1526270128900,753,jack,68,DHCP
1526270128903,754,felipe,67,DHCP
1526270128907,755,felipe,21,TCP
1526270128912,756,gerardo,53,DNS
1526270128915,757,jack,20,TCP
1526270128917,758,nikita,23,Telnet
1526270128920,759,felipe,20,TCP
1526270128925,760,arturo,23,Telnet
1526270128927,761,jack,23,Telnet
1526270128929,762,jack,25,SMTP
1526270128934,763,arturo,21,TCP
1526270128939,764,gerardo,23,Telnet
1526270128947,765,jack,23,Telnet
1526270128948,766,pedro,20,TCP
1526270128952,767,arturo,69,TFTP
1526270128954,768,nikita,69,TFTP
1526270128961,769,arturo,25,SMTP
1526270128963,770,nikita,21,TCP
1526270128965,771,jack,69,TFTP
1526270128972,772,felipe,21,TCP
1526270128973,773,jack,67,DHCP
1526270128975,774,felipe,20,TCP
1526270128977,775,arturo,68,DHCP
1526270128981,776,nikita,68,DHCP
1526270128984,777,felipe,67,DHCP
1526270128985,778,jack,68,DHCP
1526270128990,779,arturo,25,SMTP
1526270128993,780,jack,53,DNS
1526270129010,781,felipe,23,Telnet
1526270129018,782,arturo,68,DHCP
1526270129021,783,arturo,23,Telnet
1526270129022,784,pedro,68,DHCP
1526270129028,785,arturo,69,TFTP
1526270129034,786,jack,20,TCP
1526270129039,787,pedro,21,TCP
1526270129040,788,felipe,21,TCP
1526270129049,789,pedro,21,TCP
1526270129052,790,jack,23,Telnet
1526270129053,791,felipe,53,DNS
1526270129057,792,pedro,69,TFTP
1526270129059,793,felipe,20,TCP
1526270129062,794,jack,69,TFTP
1526270129063,795,pedro,20,TCP
1526270129071,796,jack,25,SMTP
1526270129074,797,nikita,21,TCP
1526270129076,798,felipe,67,DHCP
1526270129077,799,nikita,68,DHCP
1526270129081,800,arturo,20,TCP
1526270129085,801,nikita,53,DNS
1526270129089,802,pedro,21,TCP
1526270129091,803,felipe,23,Telnet
1526270129093,804,nikita,23,Telnet
1526270129097,805,jack,68,DHCP
1526270129098,806,pedro,23,Telnet
1526270129100,807,felipe,25,SMTP
1526270129107,808,nikita,25,SMTP
1526270129109,809,pedro,68,DHCP
1526270129112,810,gerardo,68,DHCP
1526270129113,811,arturo,53,DNS
1526270129114,812,nikita,21,TCP
1526270129118,813,pedro,68,DHCP
1526270129126,814,pedro,67,DHCP
1526270129133,815,gerardo,23,Telnet
1526270129140,816,nikita,69,TFTP
1526270129146,817,felipe,25,SMTP
1526270129153,818,jack,20,TCP
1526270129156,819,jack,20,TCP
1526270129157,820,jack,21,TCP
1526270129159,821,nikita,20,TCP
1526270129161,822,felipe,53,DNS
1526270129168,823,gerardo,53,DNS
1526270129170,824,felipe,69,TFTP
1526270129177,825,arturo,25,SMTP
1526270129179,826,nikita,25,SMTP
1526270129184,827,nikita,21,TCP
1526270129186,828,pedro,69,TFTP
1526270129187,829,gerardo,25,SMTP
1526270129188,830,arturo,68,DHCP
1526270129193,831,gerardo,67,DHCP
1526270129196,832,felipe,67,DHCP
1526270129197,833,nikita,21,TCP
1526270129201,834,jack,23,Telnet
1526270129202,835,nikita,21,TCP
1526270129205,836,gerardo,68,DHCP
1526270129206,837,arturo,25,SMTP
1526270129214,838,arturo,20,TCP
1526270129218,839,felipe,68,DHCP
1526270129224,840,arturo,21,TCP
1526270129229,841,gerardo,21,TCP
1526270129232,842,jack,23,Telnet
1526270129235,843,felipe,21,TCP
1526270129238,844,pedro,20,TCP
1526270129248,845,gerardo,69,TFTP
1526270129253,846,jack,21,TCP
1526270129256,847,felipe,20,TCP
1526270129261,848,jack,69,TFTP
1526270129270,849,jack,20,TCP
1526270129273,850,felipe,67,DHCP
1526270129279,851,pedro,53,DNS
1526270129285,852,gerardo,21,TCP
1526270129286,853,pedro,69,TFTP
1526270129289,854,felipe,25,SMTP
1526270129294,855,jack,23,Telnet
1526270129296,856,jack,53,DNS
1526270129301,857,jack,53,DNS
1526270129303,858,nikita,67,DHCP
1526270129306,859,jack,25,SMTP
1526270129313,860,felipe,67,DHCP
1526270129314,861,nikita,25,SMTP
1526270129316,862,jack,67,DHCP
1526270129320,863,pedro,69,TFTP
1526270129326,864,felipe,69,TFTP
1526270129332,865,jack,20,TCP
1526270129334,866,arturo,20,TCP
1526270129337,867,pedro,20,TCP
1526270129342,868,pedro,23,Telnet
1526270129347,869,gerardo,25,SMTP
1526270129350,870,arturo,68,DHCP
1526270129353,871,pedro,67,DHCP
1526270129355,872,jack,25,SMTP
1526270129357,873,pedro,68,DHCP
1526270129361,874,arturo,69,TFTP
1526270129362,875,gerardo,67,DHCP
1526270129367,876,felipe,23,Telnet
1526270129369,877,jack,68,DHCP
1526270129375,878,nikita,23,Telnet
1526270129376,879,arturo,23,Telnet
1526270129384,880,nikita,67,DHCP
1526270129387,881,arturo,68,DHCP
1526270129393,882,gerardo,21,TCP
1526270129397,883,arturo,20,TCP
1526270129402,884,pedro,21,TCP
1526270129410,885,jack,25,SMTP
1526270129411,886,arturo,53,DNS
1526270129414,887,arturo,23,Telnet
1526270129419,888,gerardo,53,DNS
1526270129422,889,jack,53,DNS
1526270129431,890,pedro,68,DHCP
1526270129433,891,nikita,68,DHCP
1526270129439,892,jack,53,DNS
1526270129441,893,arturo,68,DHCP
1526270129445,894,pedro,69,TFTP
1526270129448,895,felipe,25,SMTP
1526270129453,896,gerardo,21,TCP
1526270129455,897,pedro,69,TFTP
1526270129457,898,gerardo,25,SMTP
1526270129459,899,pedro,53,DNS
1526270129466,900,jack,68,DHCP
1526270129471,901,jack,20,TCP
1526270129472,902,pedro,67,DHCP
1526270129473,903,jack,20,TCP
1526270129477,904,arturo,68,DHCP
1526270129478,905,felipe,69,TFTP
1526270129483,906,gerardo,67,DHCP
1526270129485,907,felipe,69,TFTP
1526270129489,908,gerardo,21,TCP
1526270129490,909,pedro,20,TCP
1526270129491,910,nikita,25,SMTP
1526270129495,911,gerardo,53,DNS
1526270129496,912,arturo,68,DHCP
1526270129508,913,felipe,53,DNS
1526270129511,914,arturo,67,DHCP
1526270129519,915,nikita,21,TCP
1526270129522,916,arturo,23,Telnet
1526270129529,917,jack,21,TCP
1526270129532,918,jack,69,TFTP
1526270129537,919,arturo,25,SMTP
1526270129541,920,nikita,21,TCP
1526270129548,921,gerardo,67,DHCP
1526270129549,922,nikita,68,DHCP
1526270129555,923,gerardo,25,SMTP
1526270129556,924,gerardo,25,SMTP
1526270129564,925,jack,25,SMTP
1526270129569,926,felipe,23,Telnet
1526270129573,927,arturo,21,TCP
1526270129576,928,gerardo,20,TCP
1526270129582,929,gerardo,53,DNS
1526270129583,930,pedro,67,DHCP
1526270129585,931,felipe,68,DHCP
1526270129588,932,jack,53,DNS
1526270129590,933,pedro,23,Telnet
1526270129593,934,felipe,67,DHCP
1526270129595,935,felipe,53,DNS
1526270129597,936,nikita,53,DNS
1526270129606,937,nikita,25,SMTP
1526270129610,938,pedro,23,Telnet
1526270129614,939,felipe,69,TFTP
1526270129618,940,nikita,25,SMTP
1526270129625,941,gerardo,20,TCP
1526270129627,942,felipe,23,Telnet
1526270129628,943,pedro,67,DHCP
1526270129630,944,felipe,23,Telnet
1526270129631,945,arturo,23,Telnet
1526270129646,946,felipe,23,Telnet
1526270129648,947,nikita,23,Telnet
1526270129651,948,felipe,53,DNS
1526270129660,949,nikita,69,TFTP
1526270129661,950,felipe,68,DHCP
1526270129662,951,arturo,20,TCP
1526270129677,952,nikita,20,TCP
1526270129679,953,arturo,67,DHCP
1526270129680,954,arturo,21,TCP
1526270129682,955,arturo,69,TFTP
1526270129695,956,arturo,21,TCP
1526270129702,957,felipe,69,TFTP
1526270129706,958,arturo,69,TFTP
1526270129710,959,pedro,53,DNS
1526270129711,960,arturo,23,Telnet
1526270129713,961,jack,69,TFTP
1526270129717,962,arturo,25,SMTP
1526270129718,963,felipe,69,TFTP
1526270129721,964,felipe,68,DHCP
1526270129725,965,gerardo,20,TCP
1526270129729,966,felipe,69,TFTP
1526270129730,967,felipe,69,TFTP
1526270129733,968,arturo,25,SMTP
1526270129737,969,arturo,53,DNS
1526270129738,970,pedro,21,TCP
1526270129743,971,gerardo,21,TCP
1526270129749,972,arturo,23,Telnet
1526270129750,973,jack,25,SMTP
1526270129752,974,felipe,23,Telnet
1526270129753,975,felipe,23,Telnet
1526270129754,976,pedro,21,TCP
1526270129768,977,gerardo,25,SMTP
1526270129771,978,arturo,20,TCP
1526270129776,979,nikita,69,TFTP
1526270129778,980,arturo,21,TCP
1526270129784,981,nikita,21,TCP
1526270129789,982,nikita,23,Telnet
1526270129794,983,nikita,67,DHCP
1526270129795,984,felipe,69,TFTP
1526270129801,985,arturo,68,DHCP
1526270129803,986,nikita,68,DHCP
1526270129806,987,jack,67,DHCP
1526270129809,988,felipe,21,TCP
1526270129812,989,jack,67,DHCP
1526270129817,990,felipe,67,DHCP
1526270129819,991,gerardo,21,TCP
1526270129820,992,jack,21,TCP
1526270129822,993,arturo,67,DHCP
1526270129832,994,felipe,67,DHCP
1526270129834,995,felipe,68,DHCP
1526270129835,996,arturo,23,Telnet
1526270129841,997,jack,21,TCP
1526270129844,998,arturo,23,Telnet
1526270129846,999,nikita,68,DHCP
1526270129848,1000,pedro,69,TFTP
